Accession,SRA_Accession,Submitters,Organization,Org_location,Release_Date,Isolate,Species,Genus,Family,Molecule_type,Length,Sequence_Type,Nuc_Completeness,Genotype,Segment,Publications,Geo_Location,Country,USA,Host,Isolation_Source,Collection_Date,BioSample,GenBank_Title
GQ865517.1,,"Yozwiak,N.L., Skewes-Cox,P., Gordon,A., Saborio,S., Kuan,G., Balmaseda,A., Ganem,D., Harris,E., DeRisi,J.L.","University of California, San Francisco, Biochemistry",USA,2010-07-18T00:00:00Z,NICA08-4327,Enterovirus C,Enterovirus,Picornaviridae,ssRNA(+),7354,GenBank,complete,109,,1,Nicaragua,Nicaragua,,Homo sapiens,,2008-02-23,,"Human enterovirus 109 isolate NICA08-4327, complete genome"
EF155421.1,,"de Vries,M., Pyrc,K., Berkhout,R., Vermeulen-Oost,W., Dijkman,R., Jebbink,M.F., Bruisten,S., Berkhout,B., van der Hoek,L., Fennema,H., Gruteke,P.",,,2010-07-31T00:00:00Z,AMS323,Human rhinovirus AMS323,Enterovirus,Picornaviridae,ssRNA(+),7160,GenBank,partial,,,1,Netherlands,Netherlands,,,,,,"Human rhinovirus AMS323 polyprotein gene, complete cds"
HQ702854.1,,"Boros,A., Pankovics,P., Reuter,G.","ANTSZ Baranya County Institute of State Public Health Service, Regional Laboratory of Virology",Hungary,2011-05-09T00:00:00Z,,Enterovirus G,Enterovirus,Picornaviridae,ssRNA(+),7391,GenBank,complete,,,1,Hungary,Hungary,,Sus scrofa domesticus,feces,2008-11,,"Porcine enterovirus 3H strain swine/K23/2008/HUN, complete genome"
JF965515.1,,"Chidlow,G.R., Harnett,G.B., Watson,M., Chopra,A., Smith,D.W.","PathWest Laboratory Medicine, Microbiology, Molecular Diagnostics Laboratory",Australia,2011-06-01T00:00:00Z,,Rhinovirus A,Enterovirus,Picornaviridae,ssRNA(+),7168,GenBank,partial,,,,Australia,Australia,,Homo sapiens,oronasopharynx,2009,,"Human rhinovirus 103 strain WA327E/09 polyprotein gene, complete cds"
JN562727.1,,"Liggett,S.B., Bochkov,Y.A., Pappas,T., Lemanske,R.F. Jr., Gern,J.E., Sengamalay,N., Zhao,X., Su,Q., Fraser,C.M., Palmenberg,A.C., Godinez,A., Hine,E., McCracken,C.L., Mahadevan,P., Liu,X., Sengamalay,N.A., Lee,W.M., Egan,A., Cerqueira,G.C., Creasy,H.C., Galens,K., Tallon,L.J., Sadzewicz,L., Fraser-Liggett,C.M.","University of Maryland School of Medicine, Institute for Genome Sciences",USA,2011-10-05T00:00:00Z,,Rhinovirus A,Enterovirus,Picornaviridae,ssRNA(+),6843,GenBank,partial,,,1,"USA: Madison, WI",USA,WI,Homo sapiens,oronasopharynx,2009-03-04,SAMN00780218,"Human rhinovirus A strain HRV-A24_p1025_sR2625_2009 polyprotein gene, partial cds"
JN614995.1,,"Liggett,S.B., Bochkov,Y.A., Pappas,T., Lemanske,R.F. Jr., Gern,J.E., Sengamalay,N., Zhao,X., Su,Q., Fraser,C.M., Palmenberg,A.C., Godinez,A., Hine,E., McCracken,C.L., Mahadevan,P., Liu,X., Sengamalay,N.A., Lee,W.M., Egan,A., Cerqueira,G.C., Creasy,H.C., Galens,K., Tallon,L.J., Sadzewicz,L., Fraser-Liggett,C.M.","University of Maryland School of Medicine, Institute for Genome Sciences",USA,2011-10-05T00:00:00Z,,Rhinovirus A,Enterovirus,Picornaviridae,ssRNA(+),6709,GenBank,partial,,,1,"USA: Madison, WI",USA,WI,Homo sapiens,oronasopharynx,2009-12-09,SAMN00780224,"Human rhinovirus A strain HRV-A57_p1064_sR985_2009 polyprotein gene, partial cds"
JN542510.1,,"Yip,C.C., Lau,S.K., Woo,P.C., Chan,K.H., Yuen,K.Y., Yip,C.C.Y., Lau,S.K.P., Woo,P.C.Y.","The University of Hong Kong, Microbiology",China,2011-11-02T00:00:00Z,,Enterovirus C,Enterovirus,Picornaviridae,ssRNA(+),7404,GenBank,complete,,,1,Hong Kong,Hong Kong,,Homo sapiens,,2010-07,,"Human coxsackievirus A22 strain 438913, complete genome"
JN798566.1,,"Liggett,S.B., Bochkov,Y.A., Pappas,T., Lemanske,R.F. Jr., Gern,J.E., Sengamalay,N., Zhao,X., Su,Q., Fraser,C.M., Palmenberg,A.C., Godinez,A., Hine,E., McCracken,C.L., Mahadevan,P., Liu,X., Sengamalay,N.A., Lee,W.M., Egan,A., Cerqueira,G.C., Creasy,H.C., Galens,K., Tallon,L.J., Sadzewicz,L., Fraser-Liggett,C.M.","University of Maryland School of Medicine, Institute for Genome Sciences",USA,2011-11-08T00:00:00Z,,Rhinovirus C,Enterovirus,Picornaviridae,ssRNA(+),6801,GenBank,partial,,,1,"USA: Madison, WI",USA,WI,Homo sapiens,oronasopharynx,2000-06-16,SAMN00780245,"Human rhinovirus C strain HRV-C49_p1277_s6237_2000 polyprotein gene, partial cds"
JN815249.1,,"Liggett,S.B., Bochkov,Y.A., Pappas,T., Lemanske,R.F. Jr., Gern,J.E., Sengamalay,N., Zhao,X., Su,Q., Fraser,C.M., Palmenberg,A.C., Godinez,A., Hine,E., McCracken,C.L., Mahadevan,P., Liu,X., Sengamalay,N.A., Lee,W.M., Egan,A., Cerqueira,G.C., Creasy,H.C., Galens,K., Tallon,L.J., Sadzewicz,L., Fraser-Liggett,C.M.","University of Maryland School of Medicine, Institute for Genome Sciences",USA,2011-11-21T00:00:00Z,,Rhinovirus C,Enterovirus,Picornaviridae,ssRNA(+),6734,GenBank,partial,,,1,"USA: Madison, WI",USA,WI,Homo sapiens,oronasopharynx,1999-11-19,SAMN00780285,"Human rhinovirus C strain HRV-C43_p1281_s6410_1999 polyprotein gene, partial cds"
JN815251.1,,"Liggett,S.B., Bochkov,Y.A., Pappas,T., Lemanske,R.F. Jr., Gern,J.E., Sengamalay,N., Zhao,X., Su,Q., Fraser,C.M., Palmenberg,A.C., Godinez,A., Hine,E., McCracken,C.L., Mahadevan,P., Liu,X., Sengamalay,N.A., Lee,W.M., Egan,A., Cerqueira,G.C., Creasy,H.C., Galens,K., Tallon,L.J., Sadzewicz,L., Fraser-Liggett,C.M.","University of Maryland School of Medicine, Institute for Genome Sciences",USA,2011-11-21T00:00:00Z,,Rhinovirus C,Enterovirus,Picornaviridae,ssRNA(+),6613,GenBank,partial,,,1,"USA: Madison, WI",USA,WI,Homo sapiens,oronasopharynx,2009-04-09,SAMN00780287,"Human rhinovirus C strain HRV-C40_p1221_sR1448_2009 polyprotein gene, partial cds"
JN807387.1,,"Boros,A., Nemes,C., Pankovics,P., Biro,H., Kapusinszky,B., Delwart,E., Reuter,G.","ANTSZ Baranya County Institute of State Public Health Service, Regional Laboratory of Virology",Hungary,2012-01-23T00:00:00Z,fecal sample,Enterovirus G,Enterovirus,Picornaviridae,ssRNA(+),7387,GenBank,partial,,,1,Hungary,Hungary,,Sus scrofa,,2011-04,,"Porcine enterovirus 15 strain wild boar/WBD/2011/HUN polyprotein gene, complete cds"
JF436925.1,,"Lysholm,F., Wetterbom,A., Lindau,C., Darban,H., Bjerkner,A., Fahlander,K., Lindberg,A.M., Persson,B., Allander,T., Andersson,B.","Karolinska Institutet, Department of Cell and Molecular Biology",Sweden,2012-03-07T00:00:00Z,,Rhinovirus C,Enterovirus,Picornaviridae,ssRNA(+),6864,GenBank,partial,,,1,Sweden,Sweden,,Homo sapiens,oronasopharynx,,,"Human rhinovirus C35 clone LRTI-metagenomic-1 polyprotein gene, partial cds"
JQ277724.1,,"Boros,A., Pankovics,P., Knowles,N.J., Reuter,G.","ANTSZ Baranya County Institute of State Public Health Sevice, Regional Laboratory of Virology",Hungary,2012-06-01T00:00:00Z,,Enterovirus G,Enterovirus,Picornaviridae,ssRNA(+),7408,GenBank,complete,,,1,Hungary,Hungary,,Ovis aries,feces,2009-03,,"Ovine enterovirus strain ovine/TB4-OEV/2009/HUN, complete genome"
JN205461.1,,"Chidlow,G.R., Diviney,S.M., Harnett,G.B., Williams,D.T., Boyle,D., Bulach,D.","PathWest Laboratory Medicine WA, Microbiology, Molecular Diagnostics Laboratory",Australia,2012-07-01T00:00:00Z,,Rhinovirus C,Enterovirus,Picornaviridae,ssRNA(+),7115,GenBank,complete,,,,Australia,Australia,,Homo sapiens,oronasopharynx,2002,,"Human rhinovirus C strain WA823M02, complete genome"
JQ818253.1,,"Moon,H.J., Song,D., Seon,B.H., Kim,H.K., Park,S.J., An,D.J., Kim,J.M., Kang,B.K., Park,B.K., Moon,H.-J., Seon,D., Kim,H.-K., Park,S.-J., An,D.-J., Kang,B.-K., Park,B.-K.","Green Cross Veterinary Products Co., Ltd., Research Unit",Korea,2012-09-02T00:00:00Z,PEV-B-KOR,Enterovirus G,Enterovirus,Picornaviridae,ssRNA(+),7393,GenBank,complete,,,1,South Korea,South Korea,,Sus scrofa,feces,2009,,"Porcine enterovirus B isolate PEV-B-KOR, complete genome"
JX514942.1,,"Lukashev,A.N., Drexler,J.F., Kotova,V.O., Amjaga,E.N., Reznik,V.I., Gmyl,A.P., Grard,G., Tay Taty,R., Trotsenko,O.E., Leroy,E.M., Drosten,C.",Chumakov Institute of Poliomyelitis and Viral Encephalitides,Russia,2012-09-03T00:00:00Z,126,Enterovirus C,Enterovirus,Picornaviridae,ssRNA(+),7395,GenBank,partial,,,1,Russia,Russia,,Homo sapiens,,2010-09-01,,"Human enterovirus C116 polyprotein gene, complete cds"
JX262382.1,,"Daleno,C., Piralla,A., Scala,A., Baldanti,F., Usonis,V., Principi,N., Esposito,S.","University of Milan, Pediatric Clinic 1 Department of Pathophysiology and Transplantation",Italy,2012-09-13T00:00:00Z,,Enterovirus C,Enterovirus,Picornaviridae,ssRNA(+),7363,GenBank,complete,,,1,Lithuania,Lithuania,,Homo sapiens,oronasopharynx,2011-06,,"Human enterovirus C117 strain LIT22, complete genome"
JX393302.1,,"Tokarz,R., Hirschberg,D.L., Sameroff,S., Haq,S., Luna,G., Bennett,A.J., Silva,M., Leguia,M., Kasper,M., Bausch,D.G., Lipkin,W.I., Stephen,S.","Columbia University, Center for Infection and Immunity",USA,2012-10-09T00:00:00Z,,Enterovirus C,Enterovirus,Picornaviridae,ssRNA(+),7309,GenBank,partial,,,1,Peru,Peru,,Homo sapiens,oronasopharynx,2010-11-10,,"Human enterovirus C105 strain PER153 polyprotein gene, complete cds"
JX961708.1,,"Daleno,C., Piralla,A., Scala,A., Baldanti,F., Greenberg,D., Principi,N., Esposito,S.","University of Milan and Fondazione IRCCS Ca Granda, Ospedale Maggiore Policlinico, Pediatric Clinic 1-Department of Pathophysiology and Transplantation",Italy,2012-11-11T00:00:00Z,,Enterovirus C,Enterovirus,Picornaviridae,ssRNA(+),7357,GenBank,complete,,,1,Israel,Israel,,Homo sapiens,oronasopharynx,2011-01,,"Human enterovirus C118 strain ISR10, complete genome"
KC344833.1,,"Tokarz,R., Haq,S., Sameroff,S., Howie,S.R., Lipkin,W.I.","Columbia University, Center for Infection and Immunity",USA,2013-03-27T00:00:00Z,BBD-48,Enterovirus C,Enterovirus,Picornaviridae,ssRNA(+),7318,GenBank,partial,,,1,Bangladesh,Bangladesh,,Homo sapiens,feces,2006,,"Enterovirus C113 isolate BBD-48 polyprotein gene, complete cds"
NC_021220.1,,"Zell,R., Krumbholz,A., Dauber,M., Hoey,E., Wutzler,P.","National Center for Biotechnology Information, NIH",USA,2013-05-16T00:00:00Z,,Enterovirus F,Enterovirus,Picornaviridae,ssRNA(+),7397,RefSeq,complete,2,,1,,,,,,,,"Enterovirus F strain BEV-261 polyprotein gene, complete cds"
KC785528.1,,"Tokarz,R., Haq,S., Sameroff,S., Howie,S.R., Lipkin,W.I., Howie,S.","Columbia University, Center for Infection and Immunity, Mailman School of Public Health",USA,2013-06-07T00:00:00Z,,Enterovirus C,Enterovirus,Picornaviridae,ssRNA(+),7284,GenBank,partial,CV-A22,,1,Bangladesh,Bangladesh,,Homo sapiens,feces,2009-01,,"Human coxsackievirus A22 strain BBD01 polyprotein gene, partial cds"
KC785530.1,,"Tokarz,R., Haq,S., Sameroff,S., Howie,S.R., Lipkin,W.I., Howie,S.","Columbia University, Center for Infection and Immunity, Mailman School of Public Health",USA,2013-06-07T00:00:00Z,,Enterovirus C,Enterovirus,Picornaviridae,ssRNA(+),7265,GenBank,partial,CV-A22,,1,Bangladesh,Bangladesh,,Homo sapiens,feces,2009-06,,"Human coxsackievirus A22 strain BBD58 polyprotein gene, partial cds"
KF958311.1,,"Nakagome,K., Bochkov,Y.A., Ashraf,S., Brockman-Schneider,R.A., Evans,M.D., Pasic,T.R., Gern,J.E.","University of Wisconsin-Madison, Pediatrics",USA,2014-03-04T00:00:00Z,2536,Rhinovirus C,Enterovirus,Picornaviridae,ssRNA(+),7115,GenBank,complete,,,1,USA,USA,,Homo sapiens,,2000-02-10,,"Rhinovirus C isolate 2536, complete genome"
KF990476.1,,"Tang,J., Tao,Z., Ding,Z., Zhang,Y., Zhang,J., Tian,B., Zhao,Z., Zhang,L., Xu,W.","Yunnan Center for Disease Control and Prevention, Division of Immuniaztion Programming",China,2014-03-11T00:00:00Z,148/YN/CHN/12,Enterovirus B,Enterovirus,Picornaviridae,ssRNA(+),7420,GenBank,complete,106,,1,China,China,,Homo sapiens,,2012-01-01,,"Human enterovirus 106 isolate 148/YN/CHN/12, complete genome"
KF312882.1,,"Zhang,Y., Hong,M., Sun,Q., Zhu,S., Wang,T., Li,X., Yan,D., Wang,D., Xu,W., Zhu,S.L., Wang,D.Y., Li,X.L., Yan,D.M., Xu,W.B.","National Institute for Viral Disease Control and Prevention, Chinese Center for Disease Control and Prevention, WHO WPRO Regional Polio Reference Laboratory and Ministry of Health Key Laboratory for Medical Virology",People's Republic of China,2014-03-26T00:00:00Z,,Enterovirus B,Enterovirus,Picornaviridae,ssRNA(+),7428,GenBank,complete,B111,,1,China,China,,Homo sapiens,,2000-09-22,,"Enterovirus B111 strain Q0011/XZ/CHN/2000, complete genome"
KJ420749.1,,"Van Nguyen,D., Harvala,H., Ngole,E.M., Delaporte,E., Woolhouse,M.E., Peeters,M., Simmonds,P., Nguyen,D.V., Ahuka-Mundeke,S., Woolhouse,M.E.J.","Roslin Institute, Infection and Immunity",UK,2014-05-04T00:00:00Z,CPML_8109/08,Enterovirus sp.,Enterovirus,Picornaviridae,ssRNA(+),7376,GenBank,complete,,,1,Cameroon,Cameroon,,Mandrillus sphinx,feces,2008-02-04,,"Enterovirus sp. isolate CPML_8109/08, complete genome"
NC_024073.1,,"Van Nguyen,D., Harvala,H., Ngole,E.M., Delaporte,E., Woolhouse,M.E., Peeters,M., Simmonds,P., Nguyen,D.V., Ahuka-Mundeke,S., Woolhouse,M.E.J.","National Center for Biotechnology Information, NIH",USA,2014-05-06T00:00:00Z,CPML_8109/08,Enterovirus sp.,Enterovirus,Picornaviridae,ssRNA(+),7376,RefSeq,complete,,,1,Cameroon,Cameroon,,Mandrillus sphinx,feces,2008-02-04,,"Enterovirus sp. isolate CPML_8109/08, complete genome"
KM486097.1,,"Vazquez-Perez,J.A., Hernandez-Hernandez,V.A., Romero-Espinoza,I.J., Moreno-Valencia,Y., Coronel-Tellez,R.H., Cabello-Gutierrez,C.","National Institute of Respiratory Diseases, Virology and Micology Research",Mexico,2014-10-27T00:00:00Z,,Rhinovirus C,Enterovirus,Picornaviridae,ssRNA(+),6456,GenBank,partial,,,,Mexico,Mexico,,Homo sapiens,,2014,,"Rhinovirus C strain Mex14 Consensus polyprotein gene, complete cds"
KP282614.1,,"Jazaeri Farsani,S.M., Oude Munnink,B.B., Canuti,M., Deijs,M., Cotten,M., Jebbink,M.F., Verhoeven,J., Kellam,P., Loens,K., Goossens,H., Ieven,M., van der Hoek,L., Goossense,H.","Academic Medical Center of the University of Amsterdam, Medical Microbiology",The Netherlands,2015-02-02T00:00:00Z,D3490,Rhinovirus C,Enterovirus,Picornaviridae,ssRNA(+),7054,GenBank,partial,,,1,Spain,Spain,,Homo sapiens,,2009-05-11,,"Human rhinovirus C54 isolate D3490 polyprotein gene, complete cds"
KP345887.1,,"Woo,P.C., Lau,S.K., Li,T., Jose,S., Yip,C.C., Huang,Y., Wong,E.Y., Fan,R.Y., Cai,J.P., Wernery,U., Yuen,K.Y., Woo,P.C.Y., Lau,S.K.P.","The University of Hong Kong, Department of Microbiology",Hong Kong SAR,2015-04-06T00:00:00Z,,Enterovirus I,Enterovirus,Picornaviridae,ssRNA(+),7441,GenBank,complete,,,1,United Arab Emirates: Dubai,United Arab Emirates,,Camelus dromedarius,,2013-02-03,,"Dromedary camel enterovirus strain 19CC, complete genome"
KP345888.1,,"Woo,P.C., Lau,S.K., Li,T., Jose,S., Yip,C.C., Huang,Y., Wong,E.Y., Fan,R.Y., Cai,J.P., Wernery,U., Yuen,K.Y., Woo,P.C.Y., Lau,S.K.P.","The University of Hong Kong, Department of Microbiology",Hong Kong SAR,2015-04-06T00:00:00Z,,Enterovirus I,Enterovirus,Picornaviridae,ssRNA(+),7457,GenBank,complete,,,1,United Arab Emirates: Dubai,United Arab Emirates,,Camelus dromedarius,,2013-02-03,,"Dromedary camel enterovirus strain 20CC, complete genome"
KT265911.2,,"Nguyen,D.V., Pham,A.H., Nguyen,C.V., Hoa,N.T., Carrique-Mas,J., Vo,H.B., Campbell,J., Baker,S., Woolhouse,M., Bryant,J., Simmonds,P.","Roslin Institute, University of Edinburgh",UK,2015-10-04T00:00:00Z,714418/CaoLanh_VN/2012-02-21,Enterovirus G,Enterovirus,Picornaviridae,ssRNA(+),7232,GenBank,partial,,,,Viet Nam,Viet Nam,,Sus scrofa,feces,2012,,"Enterovirus G isolate 714418/CaoLanh_VN/2012-02-21, partial genome"
KT265961.2,,"Nguyen,D.V., Pham,A.H., Nguyen,C.V., Hoa,N.T., Carrique-Mas,J., Vo,H.B., Campbell,J., Baker,S., Woolhouse,M., Bryant,J., Simmonds,P.","Roslin Institute, University of Edinburgh",UK,2015-10-04T00:00:00Z,734087/ThanhBinh_VN/2012-03-20,Enterovirus G,Enterovirus,Picornaviridae,ssRNA(+),7220,GenBank,partial,,,,Viet Nam,Viet Nam,,Sus scrofa,feces,2012,,"Enterovirus G isolate 734087/ThanhBinh_VN/2012-03-20, partial genome"
KJ675505.1,,"Khaw,Y.S., Chan,Y.F., Jafar,F.L., Othman,N., Chee,H.Y., Sam,I.-C.","Universiti Putra Malaysia, Faculty of Medicine and Health Sciences, Department of Medical Microbiology and Parasitology",Malaysia,2015-12-25T00:00:00Z,1570-MY-10,Rhinovirus C,Enterovirus,Picornaviridae,ssRNA(+),7123,GenBank,complete,C42,,1,Malaysia,Malaysia,,Homo sapiens,oronasopharynx,2010-11-19,,"Rhinovirus C isolate 1570-MY-10, complete genome"
KJ675506.1,,"Khaw,Y.S., Chan,Y.F., Jafar,F.L., Othman,N., Chee,H.Y., Sam,I.-C.","Universiti Putra Malaysia, Faculty of Medicine and Health Sciences, Department of Medical Microbiology and Parasitology",Malaysia,2015-12-25T00:00:00Z,8713-MY-10,Rhinovirus C,Enterovirus,Picornaviridae,ssRNA(+),7112,GenBank,complete,C23,,1,Malaysia,Malaysia,,Homo sapiens,oronasopharynx,2010-11-10,,"Rhinovirus C isolate 8713-MY-10, complete genome"
KJ675507.1,,"Khaw,Y.S., Chan,Y.F., Jafar,F.L., Othman,N., Chee,H.Y., Sam,I.-C.","Universiti Putra Malaysia, Faculty of Medicine and Health Sciences, Department of Medical Microbiology and Parasitology",Malaysia,2015-12-25T00:00:00Z,3430-MY-10,Rhinovirus C,Enterovirus,Picornaviridae,ssRNA(+),7090,GenBank,complete,C22,,1,Malaysia,Malaysia,,Homo sapiens,oronasopharynx,2010-11-07,,"Rhinovirus C isolate 3430-MY-10, complete genome"
KJ418244.1,,"Mombo,I.M., Rougeron,V., Bleicker,T., Bruennink,S., Berthet,N., Boue,V., Maganga,G.D., Durand,P., Arnathau,C., Renaud,F., Prugnolle,F., Ollomo,B., Liegeois,F., Drexler,J.F., Drosten,C., Leroy,E.M.","Institut de Recherche Pour le Developpement, MIVEGEC",France,2016-01-13T00:00:00Z,GAB130,Enterovirus B,Enterovirus,Picornaviridae,ssRNA(+),6545,GenBank,partial,,,,Gabon,Gabon,,Pan troglodytes troglodytes,,2009-10,,"Enterovirus B112 isolate GAB130 polyprotein gene, partial cds"
KJ701249.1,,"Mombo,I.M., Rougeron,V., Bleicker,T., Bruennink,S., Berthet,N., Boue,V., Maganga,G.D., Durand,P., Arnathau,C., Renaud,F., Prugnolle,F., Ollomo,B., Liegeois,F., Drexler,J.F., Drosten,C., Leroy,E.M.","Institut de Recherche pour le Developpement, MIVEGEC",France,2016-02-19T00:00:00Z,GAB_653,Enterovirus B,Enterovirus,Picornaviridae,ssRNA(+),6224,GenBank,partial,,,,Gabon,Gabon,,Mandrillus sphinx,feces,2010,,"Enterovirus B113 isolate GAB_653 polyprotein gene, partial cds"
KP982873.1,,"Theuns,S., Conceicao-Neto,N., Heylen,E., Zeller,M., Roukaerts,I.D.M., Desmarets,L.M.B., Van Ranst,M., Nauwynck,H.J., Matthijnssens,J.","Ghent University, Virology, Parasitology and Immunology",Belgium,2016-03-31T00:00:00Z,PoEnV-BEL-12R021,Enterovirus G,Enterovirus,Picornaviridae,ssRNA(+),7396,GenBank,complete,,,,Belgium,Belgium,,Sus scrofa,,,,"Enterovirus G isolate PoEnV-BEL-12R021, complete genome"
KU955844.1,,"Zhang,B., Tang,C., Yue,H.","Southwest University for Nationalities, College of Life Science and Technology",China,2016-04-02T00:00:00Z,,Yak enterovirus,Enterovirus,Picornaviridae,ssRNA(+),7382,GenBank,complete,,,,China,China,,Bos grunniens,,2014-08-15,,"Yak enterovirus strain SWUN-AB001, complete genome"
NC_029854.1,,"Zhang,B., Tang,C., Yue,H.","National Center for Biotechnology Information, NIH",USA,2016-04-11T00:00:00Z,,Yak enterovirus,Enterovirus,Picornaviridae,ssRNA(+),7382,RefSeq,complete,,,,China,China,,Bos grunniens,,2014-08-15,,"Yak enterovirus strain SWUN-AB001, complete genome"
KU587555.1,,"Ao,Y.","Institute for Viral Disease Control and Prevention of China CDC, Viral Diarrhea",China,2016-04-12T00:00:00Z,SEV-gx,Enterovirus L,Enterovirus,Picornaviridae,ssRNA(+),7367,GenBank,complete,,,,China,China,,Macaca mulatta,,2014-05-17,,"Enterovirus SEV-gx, complete genome"
NC_029905.1,,"Ao,Y.","National Center for Biotechnology Information, NIH",USA,2016-04-20T00:00:00Z,SEV-gx,Enterovirus L,Enterovirus,Picornaviridae,ssRNA(+),7367,RefSeq,complete,,,,China,China,,Macaca mulatta,,2014-05-17,,"Enterovirus SEV-gx, complete genome"
KU172420.1,,"Mitra,N., Cernicchiaro,N., Torres,S., Li,F., Hause,B.M., Hause,B.","Kansas State University, Veterinary Diagnostic Laboratory and Department of Diagnostic Medicine/Pathobiology",USA,2016-06-25T00:00:00Z,,Enterovirus E,Enterovirus,Picornaviridae,ssRNA(+),7451,GenBank,complete,EV-E5,,1,Mexico,Mexico,,Bos taurus,,2015,,"Enterovirus E4 strain bovine enterovirus strain MexKSU/5, complete genome"
KU355876.1,,"Deshpande,J.M., Sharma,D.K., Saxena,V.K., Shetty,S.A., Qureshi,T.H., Nalavade,U.P.","Enterovirus Research Centre, Enterovirus Research Centre",India,2016-07-02T00:00:00Z,,Enterovirus A,Enterovirus,Picornaviridae,ssRNA(+),7317,GenBank,partial,EV-A114,,1,India,India,,Homo sapiens,feces,2013-09-09,,"Enterovirus A114 strain V13-0285 polyprotein gene, complete cds"
KU355877.1,,"Deshpande,J.M., Sharma,D.K., Saxena,V.K., Shetty,S.A., Qureshi,T.H., Nalavade,U.P.","Enterovirus Research Centre, Enterovirus Research Centre",India,2016-07-02T00:00:00Z,,Enterovirus A,Enterovirus,Picornaviridae,ssRNA(+),7347,GenBank,partial,EV-A121,,1,India,India,,Homo sapiens,feces,2013-10-08,,"Enterovirus A121 strain V13-0682 polyprotein gene, complete cds"
NC_030454.1,,"Deshpande,J.M., Sharma,D.K., Saxena,V.K., Shetty,S.A., Qureshi,T.H., Nalavade,U.P.","National Center for Biotechnology Information, NIH",USA,2016-07-12T00:00:00Z,,Enterovirus A,Enterovirus,Picornaviridae,ssRNA(+),7317,RefSeq,complete,EV-A114,,1,India,India,,Homo sapiens,feces,2013-09-09,,"Enterovirus A114 strain V13-0285, partial genome"
KX156158.1,,"Du,J., Lu,L., Liu,F., Su,H., Dong,J., Sun,L., Zhu,Y., Ren,X., Yang,F., Guo,F., Liu,Q., Wu,Z., Jin,Q., Yang,L., Liu,B., Jiang,J., Yang,J., Li,Y., Zheng,D., Zhang,C., Zheng,Y., Zhou,H., Zhu,G., Li,H., Chmura,A., Daszak,P., Wang,J., Liu,J.","Institute of Pathogen Biology, Chinese Academy of Medical Sciences & Peking Union Medical College, Moh Key Laboratory of Systems Biology of Pathogens",China,2016-11-07T00:00:00Z,rodent/Ee/PicoV/NX2015,Enterovirus K,Enterovirus,Picornaviridae,ssRNA(+),7805,GenBank,partial,,,2,China,China,,Rodentia,,,,"Picornaviridae sp. rodent/Ee/PicoV/NX2015 polyprotein gene, complete cds"
KX156159.1,,"Du,J., Lu,L., Liu,F., Su,H., Dong,J., Sun,L., Zhu,Y., Ren,X., Yang,F., Guo,F., Liu,Q., Wu,Z., Jin,Q., Yang,L., Liu,B., Jiang,J., Yang,J., Li,Y., Zheng,D., Zhang,C., Zheng,Y., Zhou,H., Zhu,G., Li,H., Chmura,A., Daszak,P., Wang,J., Liu,J.","Institute of Pathogen Biology, Chinese Academy of Medical Sciences & Peking Union Medical College, Moh Key Laboratory of Systems Biology of Pathogens",China,2016-11-07T00:00:00Z,rodent/Mc/PicoV/Tibet2015,Picornaviridae sp. rodent/Mc/PicoV/Tibet2015,Enterovirus,Picornaviridae,ssRNA(+),7909,GenBank,partial,,,2,China,China,,Rodentia,,,,"Picornaviridae sp. rodent/Mc/PicoV/Tibet2015 polyprotein gene, complete cds"
LC038188.1,,"Tsuchiaka,S., Rahpaya,S.S., Otomaru,K., Aoki,H., Kishimoto,M., Naoi,Y., Omatsu,T., Sano,K., Okazaki-Terashima,S., Katayama,Y., Oba,M., Nagai,M., Mizutani,T.",,,2017-02-09T00:00:00Z,,Enterovirus AN12,Enterovirus,Picornaviridae,ssRNA(+),7414,GenBank,complete,,,1,Japan,Japan,,Bos taurus,,2014-10-21,,"Enterovirus AN12 genomic RNA, complete genome, strain: AN12"
NC_033695.1,,"Tsuchiaka,S., Rahpaya,S.S., Otomaru,K., Aoki,H., Kishimoto,M., Naoi,Y., Omatsu,T., Sano,K., Okazaki-Terashima,S., Katayama,Y., Oba,M., Nagai,M., Mizutani,T.","National Center for Biotechnology Information, NIH",USA,2017-02-16T00:00:00Z,,Enterovirus AN12,Enterovirus,Picornaviridae,ssRNA(+),7414,RefSeq,complete,,,1,Japan,Japan,,Bos taurus,,2014-10-21,,"Enterovirus AN12 genomic RNA, complete genome, strain: AN12"
KU297674.1,,"Wang,M., He,J., Lu,H., Liu,Y., Deng,Y., Zhu,L., Guo,C., Tu,C., Wang,X., Xing,Z.","Jilin University, College of Veterinary Medicine",China,2017-04-07T00:00:00Z,JL14,Enterovirus goat/JL14,Enterovirus,Picornaviridae,ssRNA(+),7461,GenBank,complete,,,1,China,China,,Capra hircus,feces,2014-04-20,,"Enterovirus goat/JL14, complete genome"
NC_034267.1,,"Wang,M., He,J., Lu,H., Liu,Y., Deng,Y., Zhu,L., Guo,C., Tu,C., Wang,X., Xing,Z.","National Center for Biotechnology Information, NIH",USA,2017-04-11T00:00:00Z,JL14,Enterovirus goat/JL14,Enterovirus,Picornaviridae,ssRNA(+),7461,RefSeq,complete,,,1,China,China,,Capra hircus,feces,2014-04-20,,"Enterovirus goat/JL14, complete genome"
KY761948.1,,"Shang,P., Misra,S., Hause,B., Fang,Y.","Kansas State University, Diagnostic Medicine and Pathobiology",USA,2017-04-28T00:00:00Z,EVG 08/NC_USA/2015,Enterovirus G,Enterovirus,Picornaviridae,ssRNA(+),7981,GenBank,complete,,,,USA,USA,,Sus scrofa domesticus,,2015,,"Enterovirus G isolate EVG 08/NC_USA/2015, complete genome"
KY624849.1,,"Scully,E.J., Basnet,S., Wrangham,R.W., Muller,M.N., Otali,E., Hyeroba,D., Grindle,K.A., Pappas,T.E., Thompson,M.E., Machanda,Z., Watters,K.E., Palmenberg,A.C., Gern,J.E., Goldberg,T.L.","University of Wisconsin-Madison, Pathobiological Sciences",USA,2017-12-26T00:00:00Z,RV-C45-cpz1-2013,Rhinovirus C,Enterovirus,Picornaviridae,ssRNA(+),6972,GenBank,partial,,,,Uganda,Uganda,,Pan troglodytes schweinfurthii,lung,2013-03-11,,"Rhinovirus C isolate RV-C45-cpz1-2013 polyprotein gene, complete cds"
MG958646.1,,"Bachanek-Bankowska,K., Boros,A., Wadsworth,J., Pankovics,P., Reuter,G., Knowles,N.J.","The Pirbright Institute, Vesicular Disease Reference Laboratory Group",United Kingdom,2018-03-07T00:00:00Z,990/UK-NI,Enterovirus G,Enterovirus,Picornaviridae,ssRNA(+),7370,GenBank,complete,G7,,,United Kingdom: Northern Ireland,United Kingdom,,,,,,"Enterovirus G isolate 990/UK-NI, complete genome"
MG660831.1,,"Guan,T.P., Teng,J.L., Yeong,K.Y., You,Z.Q., Liu,H., Wong,S.S., Lau,S.K., Woo,P.C., Guan,T.-P., Teng,J.L.L., Wong,S.S.Y., Lau,S.K.P., Woo,P.C.Y.","The University of Hong Kong, Microbiology",Hong Kong Sar,2018-06-19T00:00:00Z,LLT03,Sichuan takin enterovirus,Enterovirus,Picornaviridae,ssRNA(+),6519,GenBank,complete,,,1,China,China,,Budorcas taxicolor tibetana,,2013,,"Sichuan takin enterovirus, complete genome"
NC_037654.1,,"Guan,T.P., Teng,J.L., Yeong,K.Y., You,Z.Q., Liu,H., Wong,S.S., Lau,S.K., Woo,P.C., Guan,T.-P., Teng,J.L.L., Wong,S.S.Y., Lau,S.K.P., Woo,P.C.Y.","National Center for Biotechnology Information, NIH",USA,2018-06-22T00:00:00Z,LLT03,Sichuan takin enterovirus,Enterovirus,Picornaviridae,ssRNA(+),6519,RefSeq,complete,,,1,China,China,,Budorcas taxicolor tibetana,,2013,,"Sichuan takin enterovirus, complete genome"
NC_038306.1,,,"National Center for Biotechnology Information, NIH",USA,2018-08-24T00:00:00Z,CA2,Enterovirus A,Enterovirus,Picornaviridae,ssRNA(+),7398,RefSeq,complete,,,,,,,,,,,"Human coxsackievirus A2 strain Fleetwood, complete genome"
NC_038307.1,,"Tracy,S., Chapman,N.M., Tu,Z., Klump,W.M., Bergmann,I., Muller,B.C., Ameis,D., Kandolf,R., Lindberg,A.M., Stalhandske,P.O., Pettersson,U.","National Center for Biotechnology Information, NIH",USA,2018-08-24T00:00:00Z,,Enterovirus B,Enterovirus,Picornaviridae,ssRNA(+),7399,RefSeq,complete,,,3,,,,Homo sapiens,,,,"Coxsackievirus B3 mRNA, complete genome"
NC_038308.1,,"Oberste,M.S., Maher,K., Schnurr,D., Flemister,M.R., Lovchik,J.C., Peters,H., Sessions,W., Kirk,C., Chatterjee,N., Fuller,S., Hanauer,J.M., Pallansch,M.A.","National Center for Biotechnology Information, NIH",USA,2018-08-24T00:00:00Z,,Enterovirus D,Enterovirus,Picornaviridae,ssRNA(+),7367,RefSeq,complete,,,1,USA,USA,,,,,,"Human enterovirus 68 strain Fermon, complete genome"
NC_038309.1,,"Oberste,M.S., Maher,K., Pallansch,M.A.","National Center for Biotechnology Information, NIH",USA,2018-08-24T00:00:00Z,,Enterovirus H,Enterovirus,Picornaviridae,ssRNA(+),7295,RefSeq,complete,,,1,,,,,,,,"Simian enterovirus SV4 strain 1715 UWB, complete genome"
NC_038310.1,,"Woo,P.C., Lau,S.K., Li,T., Jose,S., Yip,C.C., Huang,Y., Wong,E.Y., Fan,R.Y., Cai,J.P., Wernery,U., Yuen,K.Y., Woo,P.C.Y., Lau,S.K.P.","National Center for Biotechnology Information, NIH",USA,2018-08-24T00:00:00Z,,Enterovirus I,Enterovirus,Picornaviridae,ssRNA(+),7441,RefSeq,complete,,,1,United Arab Emirates: Dubai,United Arab Emirates,,Camelus dromedarius,,2013-02-03,,"Dromedary camel enterovirus strain 19CC, complete genome"
NC_038311.1,,"Palmenberg,A.C., Spiro,D., Kuzmickas,R., Wang,S., Djikeng,A., Rathe,J.A., Fraser-Liggett,C.M., Liggett,S.B., Overton,L., Tsitrin,T., Gallagher,T., Liu,J., Pushparaj,V., Tallon,L.J.","National Center for Biotechnology Information, NIH",USA,2018-08-24T00:00:00Z,,Rhinovirus A,Enterovirus,Picornaviridae,ssRNA(+),7137,RefSeq,complete,,,1,,,,,,,,"Human rhinovirus 1 strain ATCC VR-1559, complete genome"
NC_038312.1,,,"National Center for Biotechnology Information, NIH",USA,2018-08-24T00:00:00Z,,Rhinovirus B,Enterovirus,Picornaviridae,ssRNA(+),7208,RefSeq,complete,3,,,USA,USA,,,,,,"Human rhinovirus 3, complete genome"
NC_038878.1,,"Kistler,A., Avila,P.C., Rouskin,S., Wang,D., Ward,T., Yagi,S., Schnurr,D., Ganem,D., DeRisi,J.L., Boushey,H.A., Kistler,A.L., Schnurr,D.P.","National Center for Biotechnology Information, NIH",USA,2018-08-24T00:00:00Z,NAT001,Rhinovirus C,Enterovirus,Picornaviridae,ssRNA(+),6944,RefSeq,complete,,,1,,,,,oronasopharynx,2001-11-15,,"Human rhinovirus NAT001 polyprotein gene, complete cds"
NC_038989.1,,"Wu,Z., Lu,L., Du,J., Yang,L., Ren,X., Liu,B., Jiang,J., Yang,J., Dong,J., Sun,L., Zhu,Y., Li,Y., Zheng,D., Zhang,C., Su,H., Zheng,Y., Zhou,H., Zhu,G., Li,H., Chmura,A., Yang,F., Daszak,P., Wang,J., Liu,Q., Jin,Q., Liu,F., Guo,F., Liu,J.","National Center for Biotechnology Information, NIH",USA,2018-08-24T00:00:00Z,rodent/Ee/PicoV/NX2015,Enterovirus K,Enterovirus,Picornaviridae,ssRNA(+),7805,RefSeq,complete,,,2,China,China,,Rodentia,,,,"Picornaviridae sp. rodent/Ee/PicoV/NX2015 polyprotein gene, complete cds"
